[
    {
    "databases": {
        "hotelname": "Hotel de suede",
        "lon": 2.3193,
        "lat": 48.8526,
        "dayoneroute":[{"lon":2.3193, "lat":48.8526},{"lon":2.2945, "lat":48.8584},{"lon":2.2986,"lat":48.8556},{"lon":2.3125,"lat":48.8544},{"lon":2.3158,"lat":48.8553}],
        "daytworoute":[{"lon":2.3193, "lat":48.8526},{"lon":2.3206, "lat":48.8511},{"lon":2.3350,"lat":48.8523},{"lon":2.3226,"lat":48.8474},{"lon":2.350,"lat":48.8459},{"lon":2.2945,"lat":48.8584},{"lon":2.2893,"lat":48.8616},{"lon":2.2851,"lat":48.8592},{"lon":2.2876,"lat":48.8556}],
        "daythreeroute":[{"lon":2.3193, "lat":48.8526},{"lon":2.2945, "lat":488584},{"lon":2.2986,"lat":48.8556},{"lon":2.3125,"lat":48.8544},{"lon":2.3158,"lat":48.8553},{"lon":2.3206, "lat":48.8511},{"lon":2.3350,"lat":48.8523},{"lon":2.3226,"lat":48.8474},{"lon":2.350,"lat":48.8459},{"lon":2.2945,"lat":48.8584},{"lon":2.2893,"lat":48.8616},{"lon":2.2851,"lat":48.8592},{"lon":2.2876,"lat":48.8556}],
        "dayfourroute":[{"lon":2.3193, "lat":48.8526},{"lon":2.2945, "lat":48.8584},{"lon":2.2986,"lat":48.8556},{"lon":2.3125,"lat":48.8544},{"lon":2.3158,"lat":48.8553},{"lon":2.3206, "lat":48.8511},{"lon":2.3350,"lat":48.8523},{"lon":2.3226,"lat":48.8474},{"lon":2.350,"lat":48.8459},{"lon":2.2945,"lat":48.8584},{"lon":2.2893,"lat":48.8616},{"lon":2.2851,"lat":48.8592},{"lon":2.2876,"lat":48.8556},{"lon":2.2809,"lat":48.8555},{"lon":2.2946,"lat":48.8664},{"lon":2.2967,"lat":48.8654},{"lon":2.3026,"lat":48.8622}]
        
    }
},
{
    "databases": {
    "hotelname": "Hotel de varenne",
    "lon": 2.3171,
    "lat": 48.8570,
    "dayoneroute":[{"lon":2.3171, "lat":48.8570},{"lon":2.2945, "lat":48.8584},{"lon":2.2986,"lat":48.8556},{"lon":2.3125,"lat":48.8544},{"lon":2.3158,"lat":48.8553}],
    "daytworoute":[{"lon":2.3171, "lat":48.8570},{"lon":2.2945,"lat":48.8584},{"lon":2.3350,"lat":48.8523},{"lon":2.3226,"lat":48.8474},{"lon":2.350,"lat":48.8459},{"lon":2.2945,"lat":48.8584},{"lon":2.2893,"lat":48.8616},{"lon":2.2851,"lat":48.8592},{"lon":2.2876,"lat":48.8556}],
    "daythreeroute":[{"lon":2.3171, "lat":48.8570},{"lon":2.2945, "lat":48.8584},{"lon":2.2986,"lat":48.8556},{"lon":2.3125,"lat":48.8544},{"lon":2.3158,"lat":48.8553},{"lon":2.3206, "lat":48.8511},{"lon":2.3350,"lat":48.8523},{"lon":2.3226,"lat":48.8474},{"lon":2.350,"lat":48.8459},{"lon":2.2945,"lat":48.8584},{"lon":2.2893,"lat":48.8616},{"lon":2.2851,"lat":48.8592},{"lon":2.2876,"lat":48.8556}],
    "dayfourroute":[{"lon":2.3171, "lat":48.8570},{"lon":2.2945,"lat":48.8584},{"lon":2.2893,"lat":48.8616},{"lon":2.2809,"lat":48.8555},{"lon":2.2946,"lat":48.8664},{"lon":2.2967,"lat":48.8654},{"lon":2.3026,"lat":48.8622},{"lon":2.2945, "lat":48.8584},{"lon":2.2986,"lat":48.8556},{"lon":2.3125,"lat":48.8544},{"lon":2.3158,"lat":48.8553},{"lon":2.3206, "lat":48.8511},{"lon":2.3350,"lat":48.8523},{"lon":2.3226,"lat":48.8474},{"lon":2.350,"lat":48.8459},{"lon":2.2945,"lat":48.8584},{"lon":2.2893,"lat":48.8616}]

}
},
{
    "databases": {
    "hotelname": "Hotel de ville",        
    "lon": 2.3522,
    "lat": 48.8572,
    "dayoneroute":[{"lon":2.3522,"lat":48.8572},{"lon":2.2945,"lat":48.8584},{"lon":2.2893,"lat":48.8616},{"lon":2.2809,"lat":48.8555},{"lon":2.2946,"lat":48.8664}],
    "daytworoute":[{"lon":2.3522,"lat":48.8572},{"lon":2.2945,"lat":48.8584},{"lon":2.2893,"lat":48.8616},{"lon":2.2809,"lat":48.8555},{"lon":2.2946,"lat":48.8664},{"lon":2.2967,"lat":48.8654},{"lon":2.3026,"lat":48.8622},{"lon":2.2986,"lat":48.8556},{"lon":2.2995,"lat":48.8656}],
    "daythreeroute":[{"lon":2.3522,"lat":48.8572},{"lon":2.2945,"lat":48.8584},{"lon":2.2893,"lat":48.8616},{"lon":2.2809,"lat":48.8555},{"lon":2.2946,"lat":48.8664},{"lon":2.2967,"lat":48.8654},{"lon":2.3026,"lat":48.8622},{"lon":2.2986,"lat":48.8556},{"lon":2.2995,"lat":48.8656},{"lon":2.2861,"lat":48.8487},{"lon":2.2966,"lat":48.8424},{"lon":2.3108,"lat":48.8403},{"lon":2.2930,"lat":48.8450}],
    "dayfourroute" :[{"lon":2.3522,"lat":48.8572},{"lon":2.2945,"lat":48.8584},{"lon":2.2893,"lat":48.8616},{"lon":2.2809,"lat":48.8555},{"lon":2.2946,"lat":48.8664},{"lon":2.2967,"lat":48.8654},{"lon":2.3026,"lat":48.8622},{"lon":2.2986,"lat":48.8556},{"lon":2.2995,"lat":48.8656},{"lon":2.2861,"lat":48.8487},{"lon":2.2966,"lat":48.8424},{"lon":2.3108,"lat":48.8403},{"lon":2.2930,"lat":48.8450},{"lon":2.2943,"lat":48.8523},{"lon":2.3234,"lat":48.8518},{"lon":2.2989,"lat":48.8333},{"lon":2.3143,"lat":48.8478}]
   
}
},
{
    "databases": {
    "hotelname": "Hotel royal phare",
    "lon": 2.3062,
    "lat": 48.8550,
    "dayoneroute":[{"lon":2.3062,"lat":48.8550},{"lon":2.2945,"lat":48.8584},{"lon":2.2893,"lat":48.8616},{"lon":2.2946,"lat":48.8664},{"lon":2.2809,"lat":48.8555}],
    "daytworoute":[{"lon":2.3062,"lat":48.8550},{"lon":2.2945,"lat":48.8584},{"lon":2.2893,"lat":48.8616},{"lon":2.2809,"lat":48.8555},{"lon":2.2986,"lat":48.8556},{"lon":2.2942,"lat":48.8679},{"lon":2.2946,"lat":48.8664},{"lon":2.2967,"lat":48.8654},{"lon":2.3026,"lat":48.8622}],
    "daythreeroute":[{"lon":2.3062,"lat":48.8550},{"lon":2.2945,"lat":48.8584},{"lon":2.2893,"lat":48.8616},{"lon":2.2809,"lat":48.8555},{"lon":2.2946,"lat":48.8664},{"lon":2.2995,"lat":48.8403},{"lon":2.2930,"lat":48.8450},{"lon":2.2967,"lat":48.8654},{"lon":2.3026,"lat":48.8622},{"lon":2.2986,"lat":48.8556},{"lon":2.2881,"lat":48.8716},{"lon":2.2861,"lat":48.8487},{"lon":2.2966,"lat":48.8424}],
    "dayfourroute" :[{"lon":2.3062,"lat":48.8550},{"lon":2.2945,"lat":48.8584},{"lon":2.2893,"lat":48.8616},{"lon":2.2809,"lat":48.8555},{"lon":2.2946,"lat":48.8664},{"lon":2.2930,"lat":48.8450},{"lon":2.2943,"lat":48.8523},{"lon":2.3234,"lat":48.8518},{"lon":2.2989,"lat":48.8333},{"lon":2.3143,"lat":48.8478},{"lon":2.2967,"lat":48.8654},{"lon":2.3026,"lat":48.8622},{"lon":2.2986,"lat":48.8556},{"lon":2.2881,"lat":48.8716},{"lon":2.3136,"lat":48.8544},{"lon":2.2966,"lat":48.8424},{"lon":2.3108,"lat":48.8403}]
    
    }
}
]